sequence number,发送时间,ACK收到时间,RTT值,EstimatedRTT值
1,0.026477,0.05393,0.02746,0.02746
566,0.041737,0.077294,0.035557,
2026,0.054026,0.124085,0.07005900,
3486,0.05469,0.169118,0.11442800,
4946,0.077405,0.217299,0.139894,
6406,0.78157,0.267802,0.189645,